SKU,ProductDescription,ProductMetaTitle,ProductMetaDescription,SEOKeywords,OptimisedMetaTitle,OptimisedMetaDescription,OptimisedDescription
ALL01-4300,All you want for Christmas is a new pair of socks – and chances are high you get them from some estranged uncle or auntie who has no better gift idea.,All I Want For Christmas Sock | Happy Socks,All you want for Christmas is a new pair of socks – and chances are high you get them from some estranged uncle or auntie who has no better gift idea.…,"shop holiday gift set, christmas gifts, christmas gift idea, christmas gift suggestions, christmas socks, christmas stockings, socks of christmas, socks xmas, secret santa gifts, gifts to give for secret santa, christmas present","Perfect Christmas Sock Gifts - Secret Santa, Stockings & More!","Discover the perfect Christmas gift idea with our festive socks set! Ideal for stocking stuffers, Secret Santa gifts, and holiday presents. Shop now!","Get festive with HappySocks' exclusive holiday gift set! Perfect as Christmas gifts, these Christmas socks and stockings bring joy to every step. Ideal for Secret Santa, this cheerful Christmas present scores high on every Christmas gift suggestion list. Shop now and spread holiday cheer!"
APP01-9001-001,"Do you love fruit? Or, more specifically apples? The Apple sock will be the style for you then, won’t it? Enjoy apples – many many delicious apples – but in nice, bright, Happy Socks colors. Yum, apples! ",Black Sock: Apple | Happy Socks,"Do you love fruit? Or, more specifically apples? The Apple sock will be the style for you then, won’t it? Enjoy apples – many many delicious apples – bu…","colorful socks, black sock, fun socks, comfiest mens socks, funky socks, fun socks for men, novelty socks",Comfiest Black Socks: Fun & Funky Designs for Men,"Discover the comfiest black socks with fun, colorful apple designs. Perfect for men who love funky, novelty socks. Add a fun twist to your wardrobe now!","Introducing HappySocks' Apple Socks! Dive into a world of funky, colorful socks adorned with vibrant apple patterns. These fun, novelty socks come on a classic black sock base, blending comfort with style. Perfect for men who appreciate the comfiest and most fun socks around. Add a fruity twist to your wardrobe!"
ART34-2300,"But is it art? You decide. These Art socks are inspired by Marcel Duchamp’s Fountain sculpture, the piece that’s delighted, annoyed and confused art lovers since its debut in 1917. The urinal pattern comes in vibrant yellow, bringing new life to an old icon. These longer-length socks are cozy to wear thanks to their composition of mercerized cotton. Available in sizes 39 to 42 and 43 to 46.",Yellow suit socks: Art - Dressed | Happy Socks,"But is it art? You decide. These Art socks are inspired by Marcel Duchamp’s Fountain sculpture, the piece that’s delighted, annoyed and confused art lov…","colorful socks, socks color, marcel duchamp, fun socks, duchamp creative act",Colorful Fun Socks Inspired by Marcel Duchamp | Happy Socks,Discover vibrant fun socks inspired by Marcel Duchamp's Fountain. Express your artistic side with these colorful and creative socks!,"Step into the world of avant-garde with HappySocks' ""But is it art?"" collection. Inspired by Marcel Duchamp's Fountain sculpture, these colorful socks exude creativity and fun. Elevate your sock game with vibrant designs celebrating Duchamp's creative act. Perfect for art lovers and sock connoisseurs alike!"
ATALI14-9300,"They come in peace (and style). These Athletic Alien mid high socks are ready to invade your wardrobe. Featuring a comfy ribbed design in black, yellow and blue, these retro-inspired socks make a great gift for fashion and sci-fi lovers. Available in unisex sizes.",Black sport socks: Alien - ATHLETIC | Happy Socks,"They come in peace (and style). These Athletic Alien mid high socks are ready to invade your wardrobe. Featuring a comfy ribbed design in black, yellow …","running socks, football socks, football sports socks, men's compression socks, soccer socks, long sport socks, sport socks, best running socks, skiing socks",Best Running & Sport Socks for Men – Happy Socks,"Invade your wardrobe with style! These Athletic Alien mid-high socks offer comfort with a ribbed design, perfect for running, football, soccer, and skiing.","Step up your game with happysocks' Athletic Alien Mid High Socks! These stylish black and yellow socks feature a comfy ribbed design perfect for running, football, soccer, or skiing. Crafted for performance, they offer great compression and support for all your sporting needs. The best in sports socks!"
ATANI27-0100,"Cool cats and cat lovers alike will love these Athletic Animal socks. Featuring a bold leopard print with green, red and black detail, this eye-catching style will take a tame outfit and make it roar. Run, walk or strut, the slickest animal in the kingdom approves. Made of a comfortable cotton and elastane blend, and available in unisex sizes.",Green sport socks: Animal - ATHLETIC | Happy Socks,"Cool cats and cat lovers alike will love these Athletic Animal socks. Featuring a bold leopard print with green, red and black detail, this eye-catching…","running socks, running in socks, football socks, football sports socks, sports socks football, men's compression socks, men's compression stockings, soccer socks, long sport socks, soccer stockings, sport socks long, sport socks, best running socks",Best Running & Sport Socks | Men's Athletic Green Socks,"Discover the best running socks with bold leopard prints. Perfect for sports and style: men's compression socks, football, and soccer socks. Eye-catching and functional.","Unleash your wild side with happysocks Athletic Animal socks! Perfect for running, football, and soccer, these long sport socks boast a bold leopard print with green, red, and black details. Crafted for ultimate comfort and performance, they're the best running socks for serious athletes and cat lovers alike."
ATFLA27-1300,"Add a little electricity to your look with these Athletic Flash socks in white, blue and green. This vintage, low voltage style will add power to any outfit thanks to its versatile design. Available in sizes 9 to 11 and 10 to 13.",White sport socks: Flash - ATHLETIC | Happy Socks,"Add a little electricity to your look with these Athletic Flash socks in white, blue and green. This vintage, low voltage style will add power to any ou…",gym clothes,Flash White Athletic Sport Socks | Happy Socks Gym Clothes,"Elevate your gym clothes with Athletic Flash socks in white, blue, and green. Vintage style meets modern comfort. Get ready to power up your look!","Elevate your gym clothes with happysocks Athletic Flash socks in white, blue, and green. Featuring a retro design that adds a spark to any outfit, these socks deliver both style and performance. Perfect for energizing your athletic wear, they’re a must-have for every fitness enthusiast."
BAB01-3300-660,"The Banana Bird sock. It’s the hero you never knew you needed. This odd flying fruit animal is unlikely to save your life anytime soon, but it could just save your sock drawer. ",Pink Sock: Banana Bird | Happy Socks,"The Banana Bird sock. It’s the hero you never knew you needed. This odd flying fruit animal is unlikely to save your life anytime soon, but it could jus…","colorful socks, funny socks, pink sock, personalized socks, fun socks for men, novelty socks",Colorful Pink Sock - Banana Bird | Fun Novelty Socks,"Add a playful twist to your wardrobe with The Banana Bird sock! Enjoy colorful, funny, and personalized pink novelty socks - perfect fun socks for men.","Step up your sock game with Happysocks' Banana Bird socks! These colorful, pink wonders blend hilarious fun with unique style. Perfect for those seeking funny, novelty, and personalized socks, they’re an ideal gift or wardrobe pick-me-up. Embrace the unexpected with these fun socks for men!"
BAU01-6300-424,"Christmas socks at their best! Enjoy your holiday with this classic decorative print in red, green and blue.",Bauble Sock,"Christmas socks at their best! Enjoy your holiday with this classic decorative print in red, green and blue.…",red socks,Red Bauble Socks for Festive Cheer,"Discover the best red Christmas socks with classic festive prints in red, green, and blue. Perfect for enjoying your holiday in style and comfort!","Get into the festive spirit with happysocks Christmas socks! Featuring a classic decorative print in vibrant red, green, and blue, these cozy socks are perfect for holiday cheer. Made from high-quality materials, they're both comfortable and stylish. Celebrate in style with red socks from happysocks!"
BDS01-4300,"No energy to build a snowman with the kids? Well, you can at least offer them a decent substitute with our print. Available in matching print for adults.",Red Big Dot Snowman Crew Sock | Happy Socks,"No energy to build a snowman with the kids? Well, you can at least offer them a decent substitute with our print. Available in matching print for adults…","christmas socks, socks of christmas, socks xmas, socks for xmas, socks and christmas, fuzzy stockings, personalized christmas socks",Meta Title: Christmas Socks - Red Snowman Crew | Happy Socks,"Shop our cozy Christmas socks! Perfect for the whole family and available in matching prints. Fuzzy, personalized, and festive - the ultimate holiday treat!","Embrace the holiday spirit with HappySocks' Christmas socks! These cozy, personalized Christmas socks feature charming prints perfect for the whole family. Whether it's for xmas or just because, these fuzzy stockings ensure everyone enjoys a festive touch. Ideal socks for xmas gifting and matching fun!"
CHG01-4300-610,"Wrap yourself in festive cheer with the Christmas Gift sock. The perfect present for your loved ones, or even a treat for yours truly – it’s sure to spread seasonal joy like butter.",Holiday Gift by Happy Socks: Christmas Gift Sock,"Wrap yourself in festive cheer with the Christmas Gift sock. The perfect present for your loved ones, or even a treat for yours truly – it’s sure to spr…","christmas decorations, shop holiday gift set, christmas gift, secret santa",Shop Holiday Gift Sets: Christmas Socks & Secret Santa Gifts,Wrap yourself in festive cheer with our Christmas Gift sock. Perfect for holiday gift sets and Secret Santa. Shop now for the ultimate Christmas decoration!,"Wrap yourself in festive cheer with the Christmas Gift sock by happysocks. Perfect for holiday gifting, this cozy sock is adorned with delightful Christmas decorations. Ideal for secret Santa exchanges or as a festive treat for yourself. Shop our holiday gift set and spread the joy this season!"
DOT01-0100-070,"The Dot sock. Make a statement. Then Punctuate it. Like the period ending this sentence, except there’s hundreds of them. Dots are classic. Dots mean business. Nobody argues with dots.",White Sock: Dot | Happy Socks,"The Dot sock. Make a statement. Then Punctuate it. Like the period ending this sentence, except there’s hundreds of them. Dots are classic. Dots mean bu…","white sock, dress socks, dot socks",White Dot Dress Socks - Happy Socks,"Step up your style with The Dot sock. Classic and bold, these white dress socks with dots make a statement. Perfect for any occasion.","Discover the charm of The Dot Sock by happysocks! These white dress socks feature a playful dot pattern, perfect for making a stylish statement. Crafted with premium materials for ultimate comfort, The Dot Sock elevates any outfit with its timeless design. Step into sophistication and fun—one dot at a time!"
FLM01-9300-007,Add some sizzle to your sock drawer. These eye-catching Flame socks in black come with a vibrant blue and orange fire design – great for livening up a plain outfit. Crafted from combed cotton in unisex sizes.,Patterned Black Socks: Flames | Happy Socks,Add some sizzle to your sock drawer. These eye-catching Flame socks in black come with a vibrant blue and orange fire design – great for livening up a p…,"fun socks, funky socks, fun socks for men, novelty socks, fun socks for women, silly socks for women, fun dress socks for women, womens quirky socks, silly socks, mens novelty socks","""Flame Pattern Fun Socks | Quirky Socks for Men & Women""","Spice up your wardrobe with fun flame socks! Perfect for men and women, these funky black socks feature vibrant blue and orange designs. Great novelty gift idea!","Unleash your bold side with happysocks' Flame socks in black. Featuring a striking blue and orange fire design, these fun socks are perfect for adding some sizzle to any outfit. Ideal for both men and women, they're the ultimate choice for anyone seeking funky, novelty, and quirky dress socks."
GHO01-6300,Sweet & spicy – a holiday classic print has landed.,Gingerbread House Sock | Happy Socks,Sweet & spicy – a holiday classic print has landed.…,"christmas socks, socks of christmas, socks xmas, christmas stockings stuffers, christmas stocking, socks for xmas, socks and christmas, personalized christmas socks",Christmas Socks: Gingerbread House Sock | Happy Socks,"Upgrade your holiday style with our Sweet & Spicy Christmas Socks. Perfect for stocking stuffers, these personalized socks bring festive cheer to your feet!",Deck your feet with the latest from happysocks: Sweet & Spicy Christmas Socks! These festive beauties are perfect for adding holiday cheer to your attire or as delightful stocking stuffers. Get ready to spread the joy with personalized Christmas socks that keep you cozy and stylish all season long!
